kernel,cpu_time_total_us,self_cpu_time_total_us,cuda_time_total_us,self_cuda_time_total_us,calls
ProfilerStep*,473882.35699999996,143887.65299999953,198550.39199999935,0.0,2
aten::empty,22865.566999998144,22861.14799999812,0,0,3949
aten::random_,25.585000000000036,25.585000000000036,0,0,1
aten::item,37690.284000000014,276.4319999998643,186.22900000025402,0.0,132
aten::_local_scalar_dense,37413.85200000015,840.1380000001154,186.22900000025402,186.22900000025402,132
enumerate(DataLoader)#_MultiProcessingDataLoaderIter.__next__,41428.494999999995,39578.92599999999,3.583999999988009,0.0,2
cudaPointerGetAttributes,67.75999999999476,67.3179999999993,3.583999999988009,3.583999999988009,6
cudaHostAlloc,3056.4809999999998,3056.3329999999987,0,0,5
aten::to,28502.486999999936,185.63399999996182,201.7240000000602,0.0,221
aten::_to_copy,28316.852999999974,239.21100000001024,201.7240000000602,0.0,39
aten::empty_strided,1011.6840000002267,1011.6840000002267,0,0,126
aten::copy_,36971.96899999972,3890.9179999999324,5245.896999999488,5243.976999999504,475
cudaMemcpyAsync,5055.2109999998065,5055.2109999998065,0,0,437
ProfilerStep*,0,0,376410.934,376410.934,2
Memcpy HtoD (Pinned -> Device),0,0,171.6140000000014,171.6140000000014,2
aten::slice,1922.659000000218,1561.4980000004289,0,0,272
aten::as_strided,4311.363000000827,4311.363000000827,0,0,3807
aten::ones,632.5880000000179,195.68500000007043,22.52599999991071,0.0,10
aten::fill_,2558.8750000002765,1161.7810000002937,298.38300000011805,298.38300000011805,153
cudaLaunchKernel,39077.172000000995,38867.23000000103,5.28000000002794,0.0,4453
"void at::native::vectorized_elementwise_kernel<4, at::native::FillFunctor<long>, std::array<char*, 1ul> >(int, at::native::FillFunctor<long>, std::array<char*, 1ul>)",0,0,27.29399999989255,27.29399999989255,10
aten::mul,1340.9550000002928,853.5640000000858,142.71799999973155,142.71799999973155,64
"void at::native::vectorized_elementwise_kernel<4, at::native::AUnaryFunctor<long, long, long, at::native::binary_internal::MulFunctor<long> >, std::array<char*, 2ul> >(int, at::native::AUnaryFunctor<long, long, long, at::native::binary_internal::MulFunctor<long> >, std::array<char*, 2ul>)",0,0,6.271999999997206,6.271999999997206,2
aten::conv1d,3697.1150000000052,47.20900000007532,4478.166000000114,0.0,8
aten::convolution,3649.90599999993,121.10499999993772,4478.166000000114,0.0,8
aten::_convolution,3528.800999999992,241.8069999999716,4478.166000000114,0.0,8
aten::unsqueeze,642.5239999998594,494.76199999966775,0,0,130
aten::cudnn_convolution,2861.0289999999513,805.4889999999141,4209.179000000106,4209.179000000106,8
cudaEventRecord,1640.731000000058,535.9290000000619,0,0,9
cudaStreamIsCapturing,369.67800000018906,369.67800000018906,0,0,257
cudaStreamGetPriority,7.272999999986496,7.272999999986496,0,0,8
cudaDeviceGetStreamPriorityRange,6.578999999954249,6.578999999954249,0,0,8
"void cask__5x_cudnn::computeOffsetsKernel<false, false>(cask__5x_cudnn::ComputeOffsetsParams)",0,0,31.200000000055297,31.200000000055297,8
cudaPeekAtLastError,124.09800000002724,124.09800000002724,0,0,964
cudaMemsetAsync,3531.0109999992274,3531.0109999992274,0,0,630
_5x_cudnn_volta_scudnn_128x64_relu_medium_nn_v1,0,0,1032.3349999999919,1032.3349999999919,4
aten::reshape,5632.171000000191,2860.9580000003625,0,0,1457
aten::view,6774.133000000264,6774.133000000264,0,0,3890
aten::add_,268.56900000006135,177.6090000000404,268.98700000000827,268.98700000000827,12
aten::squeeze,43.18000000000757,33.682999999975436,0,0,8
"void at::native::elementwise_kernel<128, 2, at::native::gpu_kernel_impl_nocast<at::native::CUDAFunctor_add<float> >(at::TensorIteratorBase&, at::native::CUDAFunctor_add<float> const&)::{lambda(int)#1}>(int, at::native::gpu_kernel_impl_nocast<at::native::CUDAFunctor_add<float> >(at::TensorIteratorBase&, at::native::CUDAFunctor_add<float> const&)::{lambda(int)#1})",0,0,2547.0619999999326,2547.0619999999326,44
aten::gelu,3448.6030000000464,2230.3349999998172,1696.2620000001189,1696.2620000001189,140
"void at::native::vectorized_elementwise_kernel<4, at::native::GeluCUDAKernelImpl(at::TensorIteratorBase&, at::native::GeluType)::{lambda()#2}::operator()() const::{lambda()#2}::operator()() const::{lambda(float)#1}, std::array<char*, 2ul> >(int, at::native::GeluCUDAKernelImpl(at::TensorIteratorBase&, at::native::GeluType)::{lambda()#2}::operator()() const::{lambda()#2}::operator()() const::{lambda(float)#1}, std::array<char*, 2ul>)",0,0,1696.2620000001189,1696.2620000001189,140
"void cudnn::engines_precompiled::nchwToNhwcKernel<float, float, float, false, true, (cudnnKernelDataType_t)0>(cudnn::engines_precompiled::nchw2nhwc_params_t<float>, float const*, float*)",0,0,549.111000000019,549.111000000019,8
_5x_cudnn_volta_scudnn_128x32_sliced1x4_ldg4_relu_exp_small_nhwc_tn_v1,0,0,2508.6300000000338,2508.6300000000338,4
aten::permute,29.461000000024796,23.93100000002596,0,0,4
aten::add,12341.402999999555,7852.1679999996995,3411.7489999995596,3411.7489999995596,471
aten::dropout,525.4830000000075,525.4830000000075,0,0,545
aten::layer_norm,24090.397999999506,1894.8930000001274,6213.390999999989,0.0,413
aten::native_layer_norm,22195.50499999938,9411.009999999325,6213.390999999989,4057.238000000012,413
aten::contiguous,6053.939000000115,290.00900000031106,4340.020999999615,0.0,148
aten::clone,8072.529999999926,1271.13499999966,4510.70699999934,0.0,204
aten::empty_like,2511.8649999997288,806.5409999996773,0,0,233
"void cudnn::engines_precompiled::nhwcToNchwKernel<float, float, float, true, false, (cudnnKernelDataType_t)0>(cudnn::engines_precompiled::nhwc2nchw_params_t<float>, float const*, float*)",0,0,87.9030000000057,87.9030000000057,4
"void at::native::elementwise_kernel<128, 2, at::native::gpu_kernel_impl_nocast<at::native::direct_copy_kernel_cuda(at::TensorIteratorBase&)::{lambda()#3}::operator()() const::{lambda()#7}::operator()() const::{lambda(float)#1}>(at::TensorIteratorBase&, at::native::direct_copy_kernel_cuda(at::TensorIteratorBase&)::{lambda()#3}::operator()() const::{lambda()#7}::operator()() const::{lambda(float)#1} const&)::{lambda(int)#1}>(int, at::native::gpu_kernel_impl_nocast<at::native::direct_copy_kernel_cuda(at::TensorIteratorBase&)::{lambda()#3}::operator()() const::{lambda()#7}::operator()() const::{lambda(float)#1}>(at::TensorIteratorBase&, at::native::direct_copy_kernel_cuda(at::TensorIteratorBase&)::{lambda()#3}::operator()() const::{lambda()#7}::operator()() const::{lambda(float)#1} const&)::{lambda(int)#1})",0,0,4340.020999999615,4340.020999999615,148
"void at::native::(anonymous namespace)::vectorized_layer_norm_kernel<float, float>(int, float, float const*, float const*, float const*, float*, float*, float*)",0,0,4057.238000000012,4057.238000000012,413
aten::linear,78945.74799999974,9947.566999999472,62398.068999999945,0.0,1085
aten::t,8404.128000000113,3838.6159999996016,0,0,1089
aten::transpose,12535.61299999975,9296.577999999397,0,0,2873
aten::addmm,46060.97499999932,30731.338999999207,45343.4510000001,45343.4510000001,908
cudaOccupancyMaxActiveBlocksPerMultiprocessor,151.38300000014715,151.38300000014715,0,0,96
Memset (Device),0,0,1269.8709999996208,1269.8709999996208,622
volta_sgemm_128x64_tn,0,0,44124.706000000035,44124.706000000035,128
aten::matmul,9338.134999999951,1706.763999999821,17054.617999999842,0.0,177
aten::mm,6712.502000000066,4814.175999999585,17054.617999999842,17054.617999999842,177
aten::_unsafe_view,362.4419999999227,362.4419999999227,0,0,177
aten::scaled_dot_product_attention,21620.140000000145,2975.7430000005115,101039.08899999998,0.0,248
aten::_scaled_dot_product_efficient_attention,18644.396999999633,3235.573000000193,101039.08899999998,0.0,248
aten::_efficient_attention_forward,11501.184000000067,4875.532000000458,101039.08899999998,101039.08899999998,248
"fmha_cutlassF_f32_aligned_64x64_rf_sm75(PyTorchMemEffAttention::AttentionKernel<float, cutlass::arch::Sm75, true, 64, 64, 64, true, true>::Params)",0,0,101039.08899999998,101039.08899999998,248
aten::embedding,1880.4230000001407,369.0829999999696,128.82700000004843,0.0,29
aten::index_select,1413.1390000000101,657.1539999997476,128.82700000004843,128.82700000004843,29
aten::resize_,714.062000000471,714.062000000471,0,0,199
aten::arange,4750.457999999635,1140.4330000000482,552.6360000002314,276.3180000001157,166
aten::repeat,3946.532000000181,450.28700000008394,62.01599999985774,0.0,29
aten::expand,294.6940000002505,246.22200000037265,0,0,62
aten::alias,44.12599999997474,44.12599999997474,0,0,29
aten::unfold,252.088999999949,179.02499999970314,0,0,58
aten::expand_as,191.40000000006694,44.70999999984633,0,0,29
aten::index,3140.4640000000363,2015.6150000002672,617.6199999999662,617.6199999999662,85
aten::select,1331.8400000005495,1142.8300000004529,0,0,175
aten::ones_like,186.23599999998987,15.851000000009662,11.296000000002095,0.0,4
aten::lift_fresh,6.0209999999642605,6.0209999999642605,0,0,22
cudaStreamSynchronize,63099.59399999985,63099.59399999985,0,0,174
"void at::native::(anonymous namespace)::indexSelectSmallIndex<float, long, unsigned int, 2, 2, -2>(at::cuda::detail::TensorInfo<float, unsigned int>, at::cuda::detail::TensorInfo<float const, unsigned int>, at::cuda::detail::TensorInfo<long const, unsigned int>, int, int, unsigned int, long)",0,0,128.82700000004843,128.82700000004843,29
"void (anonymous namespace)::elementwise_kernel_with_index<int, at::native::arange_cuda_out(c10::Scalar const&, c10::Scalar const&, c10::Scalar const&, at::Tensor&)::{lambda()#1}::operator()() const::{lambda()#4}::operator()() const::{lambda(long)#1}>(int, at::native::arange_cuda_out(c10::Scalar const&, c10::Scalar const&, c10::Scalar const&, at::Tensor&)::{lambda()#1}::operator()() const::{lambda()#4}::operator()() const::{lambda(long)#1}, function_traits<at::native::arange_cuda_out(c10::Scalar const&, c10::Scalar const&, c10::Scalar const&, at::Tensor&)::{lambda()#1}::operator()() const::{lambda()#4}::operator()() const::{lambda(long)#1}>::result_type*)",0,0,276.3180000001157,276.3180000001157,83
Memcpy DtoD (Device -> Device),0,0,716.2819999998028,716.2819999998028,261
"void at::native::index_elementwise_kernel<128, 4, at::native::gpu_index_kernel<at::native::index_kernel_impl<at::native::OpaqueType<4> >(at::TensorIteratorBase&, c10::ArrayRef<long>, c10::ArrayRef<long>)::{lambda(char*, char const*, long)#1}>(at::TensorIteratorBase&, c10::ArrayRef<long>, c10::ArrayRef<long>, at::native::index_kernel_impl<at::native::OpaqueType<4> >(at::TensorIteratorBase&, c10::ArrayRef<long>, c10::ArrayRef<long>)::{lambda(char*, char const*, long)#1} const&)::{lambda(int)#1}>(long, at::native::gpu_index_kernel<at::native::index_kernel_impl<at::native::OpaqueType<4> >(at::TensorIteratorBase&, c10::ArrayRef<long>, c10::ArrayRef<long>)::{lambda(char*, char const*, long)#1}>(at::TensorIteratorBase&, c10::ArrayRef<long>, c10::ArrayRef<long>, at::native::index_kernel_impl<at::native::OpaqueType<4> >(at::TensorIteratorBase&, c10::ArrayRef<long>, c10::ArrayRef<long>)::{lambda(char*, char const*, long)#1} const&)::{lambda(int)#1})",0,0,224.79300000012154,224.79300000012154,29
"void at::native::vectorized_elementwise_kernel<4, at::native::CUDAFunctor_add<float>, std::array<char*, 3ul> >(int, at::native::CUDAFunctor_add<float>, std::array<char*, 3ul>)",0,0,991.8199999997014,991.8199999997014,377
"std::enable_if<!(false), void>::type internal::gemvx::kernel<int, int, float, float, float, float, false, true, true, false, 6, false, cublasGemvParamsEx<int, cublasGemvTensorStridedBatched<float const>, cublasGemvTensorStridedBatched<float const>, cublasGemvTensorStridedBatched<float>, float> >(cublasGemvParamsEx<int, cublasGemvTensorStridedBatched<float const>, cublasGemvTensorStridedBatched<float const>, cublasGemvTensorStridedBatched<float>, float>)",0,0,4255.2680000000255,4255.2680000000255,648
"std::enable_if<!(false), void>::type internal::gemvx::kernel<int, int, float, float, float, float, false, true, true, false, 8, false, cublasGemvParamsEx<int, cublasGemvTensorStridedBatched<float const>, cublasGemvTensorStridedBatched<float const>, cublasGemvTensorStridedBatched<float>, float> >(cublasGemvParamsEx<int, cublasGemvTensorStridedBatched<float const>, cublasGemvTensorStridedBatched<float const>, cublasGemvTensorStridedBatched<float>, float>)",0,0,1721.0860000001412,1721.0860000001412,108
"std::enable_if<!(false), void>::type internal::gemvx::kernel<int, int, float, float, float, float, false, true, true, false, 7, false, cublasGemvParamsEx<int, cublasGemvTensorStridedBatched<float const>, cublasGemvTensorStridedBatched<float const>, cublasGemvTensorStridedBatched<float>, float> >(cublasGemvParamsEx<int, cublasGemvTensorStridedBatched<float const>, cublasGemvTensorStridedBatched<float const>, cublasGemvTensorStridedBatched<float>, float>)",0,0,1386.6309999998339,1386.6309999998339,108
"void gemv2T_kernel_val<int, int, float, float, float, float, 128, 16, 4, 4, false, false, cublasGemvParamsEx<int, cublasGemvTensorStridedBatched<float const>, cublasGemvTensorStridedBatched<float const>, cublasGemvTensorStridedBatched<float>, float> >(cublasGemvParamsEx<int, cublasGemvTensorStridedBatched<float const>, cublasGemvTensorStridedBatched<float const>, cublasGemvTensorStridedBatched<float>, float>, float, float)",0,0,8579.884999999907,8579.884999999907,27
"void at::native::vectorized_elementwise_kernel<4, at::native::FillFunctor<bool>, std::array<char*, 1ul> >(int, at::native::FillFunctor<bool>, std::array<char*, 1ul>)",0,0,214.0960000000632,214.0960000000632,112
Memcpy HtoD (Pageable -> Device),0,0,30.492000000012922,30.492000000012922,47
aten::index_put_,312.8640000000014,18.138999999981024,23.39100000000326,0.0,4
aten::_index_put_impl_,294.7250000000204,67.13099999999395,23.39100000000326,13.440000000002328,4
"void at::native::index_elementwise_kernel<128, 4, at::native::gpu_index_kernel<at::native::index_put_kernel_impl<at::native::OpaqueType<1> >(at::TensorIterator&, c10::ArrayRef<long>, c10::ArrayRef<long>)::{lambda(char*, char const*, long)#1}>(at::TensorIteratorBase&, c10::ArrayRef<long>, c10::ArrayRef<long>, at::native::index_put_kernel_impl<at::native::OpaqueType<1> >(at::TensorIterator&, c10::ArrayRef<long>, c10::ArrayRef<long>)::{lambda(char*, char const*, long)#1} const&)::{lambda(int)#1}>(long, at::native::gpu_index_kernel<at::native::index_put_kernel_impl<at::native::OpaqueType<1> >(at::TensorIterator&, c10::ArrayRef<long>, c10::ArrayRef<long>)::{lambda(char*, char const*, long)#1}>(at::TensorIteratorBase&, c10::ArrayRef<long>, c10::ArrayRef<long>, at::native::index_put_kernel_impl<at::native::OpaqueType<1> >(at::TensorIterator&, c10::ArrayRef<long>, c10::ArrayRef<long>)::{lambda(char*, char const*, long)#1} const&)::{lambda(int)#1})",0,0,13.440000000002328,13.440000000002328,2
aten::masked_fill_,69.35700000001816,35.03800000002957,8.607999999992899,8.607999999992899,2
"void at::native::vectorized_elementwise_kernel<4, at::native::(anonymous namespace)::masked_fill_kernel(at::TensorIterator&, c10::Scalar const&)::{lambda()#1}::operator()() const::{lambda()#7}::operator()() const::{lambda(float, bool)#1}, std::array<char*, 3ul> >(int, at::native::(anonymous namespace)::masked_fill_kernel(at::TensorIterator&, c10::Scalar const&)::{lambda()#1}::operator()() const::{lambda()#7}::operator()() const::{lambda(float, bool)#1}, std::array<char*, 3ul>)",0,0,8.607999999992899,8.607999999992899,2
aten::argmax,871.0160000001051,594.2130000000907,851.9869999999064,851.9869999999064,29
"void at::native::reduce_kernel<512, 1, at::native::ReduceOp<float, at::native::ArgMaxOps<float>, unsigned int, long, 4> >(at::native::ReduceOp<float, at::native::ArgMaxOps<float>, unsigned int, long, 4>)",0,0,851.9869999999064,851.9869999999064,29
aten::resolve_conj,3.065000000060536,3.065000000060536,0,0,6
aten::resolve_neg,1.0130000000062864,1.0130000000062864,0,0,6
Memcpy DtoH (Device -> Pageable),0,0,11.360000000015134,11.360000000015134,6
aten::detach_,31.581999999965774,22.49399999997695,0,0,12
detach_,9.087999999988824,9.087999999988824,0,0,12
aten::zeros,13.286999999982072,10.364999999976135,0,0,2
aten::zero_,1.2490000000107102,1.2490000000107102,0,0,2
aten::lt,114.74200000002747,88.49900000003981,6.880000000004657,6.880000000004657,6
aten::any,2146.086000000141,1072.5100000004313,429.4959999999264,358.58699999999953,64
aten::view_as,165.78599999990547,109.90699999981734,0,0,37
aten::is_nonzero,36202.737000000154,138.50000000034925,100.95500000019092,0.0,69
aten::ge,801.1480000000884,519.7609999999404,77.25000000011642,77.25000000011642,31
aten::div,64.43500000001222,35.698999999978696,0,0,4
aten::sub,670.6330000002636,430.6080000001384,65.85600000011618,65.85600000011618,31
aten::clamp,33.41799999997602,32.43099999996775,0,0,2
aten::cat,7135.1169999997655,4649.651999999565,911.6039999995701,911.6039999995701,260
aten::narrow,49.7099999999773,22.220999999932246,0,0,6
"void at::native::index_elementwise_kernel<128, 4, at::native::gpu_index_kernel<at::native::index_kernel_impl<at::native::OpaqueType<8> >(at::TensorIteratorBase&, c10::ArrayRef<long>, c10::ArrayRef<long>)::{lambda(char*, char const*, long)#1}>(at::TensorIteratorBase&, c10::ArrayRef<long>, c10::ArrayRef<long>, at::native::index_kernel_impl<at::native::OpaqueType<8> >(at::TensorIteratorBase&, c10::ArrayRef<long>, c10::ArrayRef<long>)::{lambda(char*, char const*, long)#1} const&)::{lambda(int)#1}>(long, at::native::gpu_index_kernel<at::native::index_kernel_impl<at::native::OpaqueType<8> >(at::TensorIteratorBase&, c10::ArrayRef<long>, c10::ArrayRef<long>)::{lambda(char*, char const*, long)#1}>(at::TensorIteratorBase&, c10::ArrayRef<long>, c10::ArrayRef<long>, at::native::index_kernel_impl<at::native::OpaqueType<8> >(at::TensorIteratorBase&, c10::ArrayRef<long>, c10::ArrayRef<long>)::{lambda(char*, char const*, long)#1} const&)::{lambda(int)#1})",0,0,140.44599999996717,140.44599999996717,27
aten::isin,31950.260000000155,3520.791000000536,12976.781999999512,0.0,83
aten::eq,2777.780000000188,1699.6949999999488,377.4340000002121,374.20200000019395,115
"void at::native::vectorized_elementwise_kernel<4, at::native::BinaryFunctor<long, long, bool, at::native::(anonymous namespace)::CompareEqFunctor<long> >, std::array<char*, 3ul> >(int, at::native::BinaryFunctor<long, long, bool, at::native::(anonymous namespace)::CompareEqFunctor<long> >, std::array<char*, 3ul>)",0,0,26.175000000017462,26.175000000017462,10
Memcpy DtoH (Device -> Pinned),0,0,192.69400000027963,192.69400000027963,121
"void at::native::vectorized_elementwise_kernel<4, at::native::compare_scalar_kernel<long>(at::TensorIteratorBase&, at::native::(anonymous namespace)::OpType, long)::{lambda(long)#1}, std::array<char*, 2ul> >(int, at::native::compare_scalar_kernel<long>(at::TensorIteratorBase&, at::native::(anonymous namespace)::OpType, long)::{lambda(long)#1}, std::array<char*, 2ul>)",0,0,77.53800000011688,77.53800000011688,29
aten::cumsum,127.8070000000007,68.6540000000241,14.97599999999511,14.97599999999511,2
cudaOccupancyMaxActiveBlocksPerMultiprocessorWithFlags,105.97999999986496,105.97999999986496,0,0,83
cudaDeviceGetAttribute,77.90700000053039,77.90700000053039,0,0,140
"void at::native::vectorized_elementwise_kernel<4, at::native::BinaryFunctor<long, long, long, at::native::binary_internal::MulFunctor<long> >, std::array<char*, 3ul> >(int, at::native::BinaryFunctor<long, long, long, at::native::binary_internal::MulFunctor<long> >, std::array<char*, 3ul>)",0,0,136.44599999973434,136.44599999973434,56
"void at_cuda_detail::cub::DeviceScanInitKernel<at_cuda_detail::cub::ScanTileState<long, true> >(at_cuda_detail::cub::ScanTileState<long, true>, int)",0,0,4.864000000001397,4.864000000001397,2
"void at_cuda_detail::cub::DeviceScanKernel<at_cuda_detail::cub::DeviceScanPolicy<long, std::plus<long> >::Policy900, long const*, long*, at_cuda_detail::cub::ScanTileState<long, true>, std::plus<long>, at_cuda_detail::cub::NullType, int, long>(long const*, long*, at_cuda_detail::cub::ScanTileState<long, true>, int, std::plus<long>, at_cuda_detail::cub::NullType, int)",0,0,10.111999999993714,10.111999999993714,2
"void at::native::vectorized_elementwise_kernel<4, at::native::CUDAFunctorOnSelf_add<long>, std::array<char*, 2ul> >(int, at::native::CUDAFunctorOnSelf_add<long>, std::array<char*, 2ul>)",0,0,82.04900000008638,82.04900000008638,28
"void at::native::unrolled_elementwise_kernel<at::native::compare_scalar_kernel<long>(at::TensorIteratorBase&, at::native::(anonymous namespace)::OpType, long)::{lambda(long)#1}, std::array<char*, 2ul>, 4, TrivialOffsetCalculator<1, unsigned int>, TrivialOffsetCalculator<1, unsigned int>, at::native::memory::LoadWithoutCast, at::native::memory::StoreWithoutCast>(int, at::native::compare_scalar_kernel<long>(at::TensorIteratorBase&, at::native::(anonymous namespace)::OpType, long)::{lambda(long)#1}, std::array<char*, 2ul>, TrivialOffsetCalculator<1, unsigned int>, TrivialOffsetCalculator<1, unsigned int>, at::native::memory::LoadWithoutCast, at::native::memory::StoreWithoutCast)",0,0,6.592000000004191,6.592000000004191,2
"void gemmSN_TN_kernel<float, 128, 16, 2, 4, 4, 4, true, cublasGemvTensorStridedBatched<float const>, cublasGemvTensorStridedBatched<float const>, cublasGemvTensorStridedBatched<float> >(cublasGemmSmallNParams<cublasGemvTensorStridedBatched<float const>, cublasGemvTensorStridedBatched<float const>, cublasGemvTensorStridedBatched<float>, float>)",0,0,986.2900000000081,986.2900000000081,64
"void scal_64addr_kernel<float, float, 1, true, 6, 5, 5, 3>(cublasTransposeParams<float>, float const*, float*, float const*)",0,0,30.176000000006752,30.176000000006752,2
"void sgemm_largek_lds64<true, false, 6, 3, 4, 5, 2, 66>(float*, float const*, float const*, int, int, int, int, int, int, float const*, float const*, float, float, int, int, int*, int*)",0,0,1200.1719999999914,1200.1719999999914,2
aten::where,3447.960999999981,776.1920000000682,358.97400000024936,143.23000000003958,60
aten::scalar_tensor,947.8019999999378,234.8719999998575,56.99300000016228,0.0,29
"void at::native::unrolled_elementwise_kernel<at::native::CUDAFunctorOnSelf_add<long>, std::array<char*, 2ul>, 4, TrivialOffsetCalculator<1, unsigned int>, TrivialOffsetCalculator<1, unsigned int>, at::native::memory::LoadWithoutCast, at::native::memory::StoreWithoutCast>(int, at::native::CUDAFunctorOnSelf_add<long>, std::array<char*, 2ul>, TrivialOffsetCalculator<1, unsigned int>, TrivialOffsetCalculator<1, unsigned int>, at::native::memory::LoadWithoutCast, at::native::memory::StoreWithoutCast)",0,0,7.230999999970663,7.230999999970663,2
"void at::native::elementwise_kernel<128, 4, at::native::gpu_kernel_impl_nocast<at::native::BinaryFunctor<long, long, bool, at::native::(anonymous namespace)::CompareEqFunctor<long> > >(at::TensorIteratorBase&, at::native::BinaryFunctor<long, long, bool, at::native::(anonymous namespace)::CompareEqFunctor<long> > const&)::{lambda(int)#1}>(int, at::native::gpu_kernel_impl_nocast<at::native::BinaryFunctor<long, long, bool, at::native::(anonymous namespace)::CompareEqFunctor<long> > >(at::TensorIteratorBase&, at::native::BinaryFunctor<long, long, bool, at::native::(anonymous namespace)::CompareEqFunctor<long> > const&)::{lambda(int)#1})",0,0,147.612999999983,147.612999999983,27
"void at::native::reduce_kernel<512, 1, at::native::ReduceOp<bool, at::native::func_wrapper_t<bool, at::native::or_kernel_cuda(at::TensorIterator&)::{lambda()#1}::operator()() const::{lambda()#12}::operator()() const::{lambda(bool, bool)#1}>, unsigned int, bool, 4> >(at::native::ReduceOp<bool, at::native::func_wrapper_t<bool, at::native::or_kernel_cuda(at::TensorIterator&)::{lambda()#1}::operator()() const::{lambda()#12}::operator()() const::{lambda(bool, bool)#1}>, unsigned int, bool, 4>)",0,0,358.58699999999953,358.58699999999953,27
"void at::native::vectorized_elementwise_kernel<4, at::native::FillFunctor<float>, std::array<char*, 1ul> >(int, at::native::FillFunctor<float>, std::array<char*, 1ul>)",0,0,56.99300000016228,56.99300000016228,29
"void at::native::elementwise_kernel<128, 2, at::native::gpu_kernel_impl_nocast<at::native::(anonymous namespace)::where_kernel_impl(at::TensorIterator&)::{lambda()#1}::operator()() const::{lambda()#7}::operator()() const::{lambda(bool, float, float)#1}>(at::TensorIteratorBase&, at::native::(anonymous namespace)::where_kernel_impl(at::TensorIterator&)::{lambda()#1}::operator()() const::{lambda()#7}::operator()() const::{lambda(bool, float, float)#1} const&)::{lambda(int)#1}>(int, at::native::gpu_kernel_impl_nocast<at::native::(anonymous namespace)::where_kernel_impl(at::TensorIterator&)::{lambda()#1}::operator()() const::{lambda()#7}::operator()() const::{lambda(bool, float, float)#1}>(at::TensorIteratorBase&, at::native::(anonymous namespace)::where_kernel_impl(at::TensorIterator&)::{lambda()#1}::operator()() const::{lambda()#7}::operator()() const::{lambda(bool, float, float)#1} const&)::{lambda(int)#1})",0,0,143.23000000003958,143.23000000003958,29
aten::_unique,12426.700999999826,3847.7180000010994,6685.900000000576,6510.737000000518,54
"void at_cuda_detail::cub::DeviceRadixSortHistogramKernel<at_cuda_detail::cub::DeviceRadixSortPolicy<long, at::cuda::cub::detail::OpaqueType<8>, unsigned long long>::Policy900, false, long, unsigned long long, at_cuda_detail::cub::detail::identity_decomposer_t>(unsigned long long*, long const*, unsigned long long, int, int, at_cuda_detail::cub::detail::identity_decomposer_t)",0,0,795.8559999999707,795.8559999999707,54
"void at_cuda_detail::cub::DeviceRadixSortExclusiveSumKernel<at_cuda_detail::cub::DeviceRadixSortPolicy<long, at::cuda::cub::detail::OpaqueType<8>, unsigned long long>::Policy900, unsigned long long>(unsigned long long*)",0,0,143.51599999977043,143.51599999977043,54
"void at_cuda_detail::cub::DeviceRadixSortOnesweepKernel<at_cuda_detail::cub::DeviceRadixSortPolicy<long, at::cuda::cub::detail::OpaqueType<8>, unsigned long long>::Policy900, false, long, at::cuda::cub::detail::OpaqueType<8>, unsigned long long, int, int, at_cuda_detail::cub::detail::identity_decomposer_t>(int*, int*, unsigned long long*, unsigned long long const*, long*, long const*, at::cuda::cub::detail::OpaqueType<8>*, at::cuda::cub::detail::OpaqueType<8> const*, int, int, int, at_cuda_detail::cub::detail::identity_decomposer_t)",0,0,6853.844999999914,6853.844999999914,432
"void at::native::internal::(anonymous namespace)::adjacent_difference_kernel<long const*>(long, long const*, int*)",0,0,120.6699999999255,120.6699999999255,27
"void at_cuda_detail::cub::DeviceScanInitKernel<at_cuda_detail::cub::ScanTileState<int, true> >(at_cuda_detail::cub::ScanTileState<int, true>, int)",0,0,49.66099999999278,49.66099999999278,27
"void at_cuda_detail::cub::DeviceScanKernel<at_cuda_detail::cub::DeviceScanPolicy<int, cuda::std::__4::plus<void> >::Policy900, int const*, long*, at_cuda_detail::cub::ScanTileState<int, true>, cuda::std::__4::plus<void>, at_cuda_detail::cub::NullType, int, int>(int const*, long*, at_cuda_detail::cub::ScanTileState<int, true>, int, cuda::std::__4::plus<void>, at_cuda_detail::cub::NullType, int)",0,0,169.92100000023493,169.92100000023493,27
"at::native::internal::(anonymous namespace)::scatter_kernel(long, long const*, long const*, long*)",0,0,127.67900000032387,127.67900000032387,27
"void at_cuda_detail::cub::DeviceCompactInitKernel<at_cuda_detail::cub::ScanTileState<int, true>, long*>(at_cuda_detail::cub::ScanTileState<int, true>, int, long*)",0,0,98.55999999979394,98.55999999979394,54
"void at_cuda_detail::cub::DeviceSelectSweepKernel<at_cuda_detail::cub::detail::device_select_policy_hub<long, at_cuda_detail::cub::NullType, int, false, false>::Policy900, long const*, at_cuda_detail::cub::NullType*, long*, long*, at_cuda_detail::cub::ScanTileState<int, true>, at_cuda_detail::cub::NullType, cuda::std::__4::equal_to<void>, int, false>(long const*, at_cuda_detail::cub::NullType*, long*, long*, at_cuda_detail::cub::ScanTileState<int, true>, at_cuda_detail::cub::NullType, cuda::std::__4::equal_to<void>, int, int)",0,0,298.7740000000631,298.7740000000631,54
"void at_cuda_detail::cub::DeviceRadixSortSingleTileKernel<at_cuda_detail::cub::DeviceRadixSortPolicy<long, at_cuda_detail::cub::NullType, unsigned long long>::Policy900, false, long, at_cuda_detail::cub::NullType, unsigned long long, at_cuda_detail::cub::detail::identity_decomposer_t>(long const*, long*, at_cuda_detail::cub::NullType const*, at_cuda_detail::cub::NullType*, unsigned long long, int, int, at_cuda_detail::cub::detail::identity_decomposer_t)",0,0,1110.5730000001495,1110.5730000001495,27
"void at::native::(anonymous namespace)::CatArrayBatchedCopy_aligned16_contig<at::native::(anonymous namespace)::OpaqueType<8u>, unsigned int, 1, 128, 1>(at::native::(anonymous namespace)::OpaqueType<8u>*, at::native::(anonymous namespace)::CatArrInputTensorMetadata<at::native::(anonymous namespace)::OpaqueType<8u>, unsigned int, 128, 1>, at::native::(anonymous namespace)::TensorSizeStride<unsigned int, 4u>, int, unsigned int)",0,0,119.04199999987031,119.04199999987031,27
aten::sort,5025.9120000000985,1300.6530000005441,4645.691999999108,4533.1179999991145,27
"at::native::(anonymous namespace)::fill_reverse_indices_kernel(long*, int, at::cuda::detail::IntDivider<unsigned int>)",0,0,118.78399999986868,118.78399999986868,27
cudaMalloc,190.0109999999986,190.0109999999986,0,0,1
"void at::native::unrolled_elementwise_kernel<at::native::BinaryFunctor<long, long, bool, at::native::(anonymous namespace)::CompareEqFunctor<long> >, std::array<char*, 3ul>, 4, TrivialOffsetCalculator<2, unsigned int>, TrivialOffsetCalculator<1, unsigned int>, at::native::memory::LoadWithoutCast, at::native::memory::StoreWithoutCast>(int, at::native::BinaryFunctor<long, long, bool, at::native::(anonymous namespace)::CompareEqFunctor<long> >, std::array<char*, 3ul>, TrivialOffsetCalculator<2, unsigned int>, TrivialOffsetCalculator<1, unsigned int>, at::native::memory::LoadWithoutCast, at::native::memory::StoreWithoutCast)",0,0,111.06999999994878,111.06999999994878,40
aten::index_copy_,689.9730000000563,394.4269999997923,155.70999999987544,155.70999999987544,27
"void at::native::index_elementwise_kernel<128, 4, at::native::index_copy_kernel_impl<at::native::OpaqueType<1> >(at::TensorIterator&, long, long, long)::{lambda(int)#1}>(long, at::native::index_copy_kernel_impl<at::native::OpaqueType<1> >(at::TensorIterator&, long, long, long)::{lambda(int)#1})",0,0,155.70999999987544,155.70999999987544,27
"void at::native::index_elementwise_kernel<128, 4, at::native::gpu_index_kernel<at::native::index_kernel_impl<at::native::OpaqueType<1> >(at::TensorIteratorBase&, c10::ArrayRef<long>, c10::ArrayRef<long>)::{lambda(char*, char const*, long)#1}>(at::TensorIteratorBase&, c10::ArrayRef<long>, c10::ArrayRef<long>, at::native::index_kernel_impl<at::native::OpaqueType<1> >(at::TensorIteratorBase&, c10::ArrayRef<long>, c10::ArrayRef<long>)::{lambda(char*, char const*, long)#1} const&)::{lambda(int)#1}>(long, at::native::gpu_index_kernel<at::native::index_kernel_impl<at::native::OpaqueType<1> >(at::TensorIteratorBase&, c10::ArrayRef<long>, c10::ArrayRef<long>)::{lambda(char*, char const*, long)#1}>(at::TensorIteratorBase&, c10::ArrayRef<long>, c10::ArrayRef<long>, at::native::index_kernel_impl<at::native::OpaqueType<1> >(at::TensorIteratorBase&, c10::ArrayRef<long>, c10::ArrayRef<long>)::{lambda(char*, char const*, long)#1} const&)::{lambda(int)#1})",0,0,252.38099999987753,252.38099999987753,27
aten::rsub,752.8020000001416,200.6219999998866,59.93600000007427,0.0,27
"void at::native::vectorized_elementwise_kernel<4, at::native::CUDAFunctorOnOther_add<long>, std::array<char*, 2ul> >(int, at::native::CUDAFunctorOnOther_add<long>, std::array<char*, 2ul>)",0,0,59.93600000007427,59.93600000007427,27
"void at::native::vectorized_elementwise_kernel<4, at::native::CUDAFunctor_add<long>, std::array<char*, 3ul> >(int, at::native::CUDAFunctor_add<long>, std::array<char*, 3ul>)",0,0,61.46999999991385,61.46999999991385,27
"void at::native::(anonymous namespace)::CatArrayBatchedCopy_aligned16_contig<at::native::(anonymous namespace)::OpaqueType<8u>, unsigned int, 2, 128, 1>(at::native::(anonymous namespace)::OpaqueType<8u>*, at::native::(anonymous namespace)::CatArrInputTensorMetadata<at::native::(anonymous namespace)::OpaqueType<8u>, unsigned int, 128, 1>, at::native::(anonymous namespace)::TensorSizeStride<unsigned int, 4u>, int, unsigned int)",0,0,96.18800000011106,96.18800000011106,27
aten::full,1258.695000000007,248.36299999975017,99.22500000009313,0.0,54
aten::__or__,1160.5569999997388,120.70799999983865,121.18300000025192,0.0,54
aten::bitwise_or,1039.8489999999001,664.4479999997711,121.18300000025192,121.18300000025192,54
"void at::native::vectorized_elementwise_kernel<4, at::native::BinaryFunctor<bool, bool, bool, at::native::BitwiseOrFunctor<bool> >, std::array<char*, 3ul> >(int, at::native::BinaryFunctor<bool, bool, bool, at::native::BitwiseOrFunctor<bool> >, std::array<char*, 3ul>)",0,0,121.18300000025192,121.18300000025192,54
aten::bitwise_not,511.7840000001306,326.14400000002934,62.303000000247266,62.303000000247266,27
"void at::native::vectorized_elementwise_kernel<4, at::native::bitwise_not_kernel_cuda(at::TensorIteratorBase&)::{lambda(bool)#1}, std::array<char*, 2ul> >(int, at::native::bitwise_not_kernel_cuda(at::TensorIteratorBase&)::{lambda(bool)#1}, std::array<char*, 2ul>)",0,0,62.303000000247266,62.303000000247266,27
aten::__and__,764.0180000001565,60.91400000016438,109.9189999999071,0.0,29
aten::bitwise_and,703.1039999999921,405.7420000000857,109.9189999999071,107.87099999989732,29
"void at::native::unrolled_elementwise_kernel<at::native::BinaryFunctor<long, long, long, at::native::BitwiseAndFunctor<long> >, std::array<char*, 3ul>, 4, TrivialOffsetCalculator<2, unsigned int>, TrivialOffsetCalculator<1, unsigned int>, at::native::memory::LoadWithCast<2>, at::native::memory::StoreWithCast<1> >(int, at::native::BinaryFunctor<long, long, long, at::native::BitwiseAndFunctor<long> >, std::array<char*, 3ul>, TrivialOffsetCalculator<2, unsigned int>, TrivialOffsetCalculator<1, unsigned int>, at::native::memory::LoadWithCast<2>, at::native::memory::StoreWithCast<1>)",0,0,105.82299999988754,105.82299999988754,27
aten::max,947.7840000000433,523.3640000002051,196.76500000001397,196.76500000001397,27
"void at::native::reduce_kernel<512, 1, at::native::ReduceOp<long, at::native::func_wrapper_t<long, at::native::MaxNanFunctor<long> >, unsigned int, long, 4> >(at::native::ReduceOp<long, at::native::func_wrapper_t<long, at::native::MaxNanFunctor<long> >, unsigned int, long, 4>)",0,0,196.76500000001397,196.76500000001397,27
"void at::native::vectorized_elementwise_kernel<4, at::native::AUnaryFunctor<long, long, bool, at::native::(anonymous namespace)::CompareEqFunctor<long> >, std::array<char*, 2ul> >(int, at::native::AUnaryFunctor<long, long, bool, at::native::(anonymous namespace)::CompareEqFunctor<long> >, std::array<char*, 2ul>)",0,0,71.93600000021979,71.93600000021979,31
"void at::native::(anonymous namespace)::CatArrayBatchedCopy_aligned16_contig<at::native::(anonymous namespace)::OpaqueType<4u>, unsigned int, 4, 128, 1>(at::native::(anonymous namespace)::OpaqueType<4u>*, at::native::(anonymous namespace)::CatArrInputTensorMetadata<at::native::(anonymous namespace)::OpaqueType<4u>, unsigned int, 128, 1>, at::native::(anonymous namespace)::TensorSizeStride<unsigned int, 4u>, int, unsigned int)",0,0,665.6859999996377,665.6859999996377,200
aten::unbind,58.99200000005658,29.1589999999851,0,0,6
"void at::native::unrolled_elementwise_kernel<at::native::AUnaryFunctor<long, long, bool, at::native::(anonymous namespace)::CompareEqFunctor<long> >, std::array<char*, 2ul>, 4, TrivialOffsetCalculator<1, unsigned int>, TrivialOffsetCalculator<1, unsigned int>, at::native::memory::LoadWithoutCast, at::native::memory::StoreWithoutCast>(int, at::native::AUnaryFunctor<long, long, bool, at::native::(anonymous namespace)::CompareEqFunctor<long> >, std::array<char*, 2ul>, TrivialOffsetCalculator<1, unsigned int>, TrivialOffsetCalculator<1, unsigned int>, at::native::memory::LoadWithoutCast, at::native::memory::StoreWithoutCast)",0,0,5.72799999997369,5.72799999997369,2
aten::sum,87.46000000002095,34.94000000000233,13.823000000003958,8.926999999996042,1
"void at::native::unrolled_elementwise_kernel<at::native::direct_copy_kernel_cuda(at::TensorIteratorBase&)::{lambda()#3}::operator()() const::{lambda()#4}::operator()() const::{lambda(long)#1}, std::array<char*, 2ul>, 4, TrivialOffsetCalculator<1, unsigned int>, TrivialOffsetCalculator<1, unsigned int>, at::native::memory::LoadWithCast<1>, at::native::memory::StoreWithCast<1> >(int, at::native::direct_copy_kernel_cuda(at::TensorIteratorBase&)::{lambda()#3}::operator()() const::{lambda()#4}::operator()() const::{lambda(long)#1}, std::array<char*, 2ul>, TrivialOffsetCalculator<1, unsigned int>, TrivialOffsetCalculator<1, unsigned int>, at::native::memory::LoadWithCast<1>, at::native::memory::StoreWithCast<1>)",0,0,4.896000000007916,4.896000000007916,1
"void at::native::reduce_kernel<512, 1, at::native::ReduceOp<long, at::native::func_wrapper_t<long, at::native::sum_functor<long, long, long>::operator()(at::TensorIterator&)::{lambda(long, long)#1}>, unsigned int, long, 4> >(at::native::ReduceOp<long, at::native::func_wrapper_t<long, at::native::sum_functor<long, long, long>::operator()(at::TensorIterator&)::{lambda(long, long)#1}>, unsigned int, long, 4>)",0,0,8.926999999996042,8.926999999996042,1
aten::sub_,20.763000000006286,13.180999999982305,2.9759999999951106,2.9759999999951106,1
aten::ne,37.08400000000256,30.69000000000233,2.944000000017695,2.944000000017695,1
aten::nonzero_numpy,248.16099999996368,9.807000000000698,15.521000000007916,0.0,2
aten::nonzero,411.75499999997555,179.41299999991315,35.80900000000838,35.80900000000838,4
"void at_cuda_detail::cub::DeviceReduceSingleTileKernel<at_cuda_detail::cub::DeviceReducePolicy<int, unsigned long long, cuda::std::__4::plus<void> >::Policy600, at_cuda_detail::cub::TransformInputIterator<bool, at::native::(anonymous namespace)::NonZeroOp<bool>, bool const*, long>, int*, unsigned long long, cuda::std::__4::plus<void>, int, int>(at_cuda_detail::cub::TransformInputIterator<bool, at::native::(anonymous namespace)::NonZeroOp<bool>, bool const*, long>, int*, unsigned long long, cuda::std::__4::plus<void>, int)",0,0,11.3279999998922,11.3279999998922,4
"void at_cuda_detail::cub::DeviceCompactInitKernel<at_cuda_detail::cub::ScanTileState<int, true>, int*>(at_cuda_detail::cub::ScanTileState<int, true>, int, int*)",0,0,8.032000000035623,8.032000000035623,4
aten::set_,23.50000000008731,23.50000000008731,0,0,4
"void at_cuda_detail::cub::DeviceSelectSweepKernel<at_cuda_detail::cub::detail::device_select_policy_hub<long, bool, int, false, false>::Policy900, at_cuda_detail::cub::CountingInputIterator<long, long>, at_cuda_detail::cub::TransformInputIterator<bool, at::native::(anonymous namespace)::NonZeroOp<bool>, bool const*, long>, long*, int*, at_cuda_detail::cub::ScanTileState<int, true>, at_cuda_detail::cub::NullType, at_cuda_detail::cub::NullType, int, false>(at_cuda_detail::cub::CountingInputIterator<long, long>, at_cuda_detail::cub::TransformInputIterator<bool, at::native::(anonymous namespace)::NonZeroOp<bool>, bool const*, long>, long*, int*, at_cuda_detail::cub::ScanTileState<int, true>, at_cuda_detail::cub::NullType, at_cuda_detail::cub::NullType, int, int)",0,0,9.984000000054948,9.984000000054948,3
aten::flatten,11.99700000003213,5.610000000044238,0,0,2
aten::pad,112.25800000003073,13.185999999986961,4.449000000022352,0.0,2
aten::constant_pad_nd,99.07200000004377,7.78600000005099,4.449000000022352,0.0,2
aten::stack,98.1820000000007,17.04299999997602,4.4799999999813735,0.0,2
aten::detach,15.062000000034459,6.434000000037486,0,0,2
detach,8.627999999996973,8.627999999996973,0,0,2
cudaEventQuery,4.419000000023516,4.419000000023516,0,0,1
Unrecognized,204.8049999999639,204.8049999999639,5.28000000002794,5.28000000002794,2
"void at::native::vectorized_elementwise_kernel<2, at::native::BinaryFunctor<long, long, bool, at::native::(anonymous namespace)::CompareEqFunctor<long> >, std::array<char*, 3ul> >(int, at::native::BinaryFunctor<long, long, bool, at::native::(anonymous namespace)::CompareEqFunctor<long> >, std::array<char*, 3ul>)",0,0,14.624000000068918,14.624000000068918,6
Buffer Flush,240.1019999999553,240.1019999999553,1.9199999999837019,1.9199999999837019,2
"void at::native::unrolled_elementwise_kernel<at::native::BinaryFunctor<bool, bool, bool, at::native::BitwiseAndFunctor<bool> >, std::array<char*, 3ul>, 8, TrivialOffsetCalculator<2, unsigned int>, TrivialOffsetCalculator<1, unsigned int>, at::native::memory::LoadWithoutCast, at::native::memory::StoreWithoutCast>(int, at::native::BinaryFunctor<bool, bool, bool, at::native::BitwiseAndFunctor<bool> >, std::array<char*, 3ul>, TrivialOffsetCalculator<2, unsigned int>, TrivialOffsetCalculator<1, unsigned int>, at::native::memory::LoadWithoutCast, at::native::memory::StoreWithoutCast)",0,0,2.048000000009779,2.048000000009779,1
cudaDeviceSynchronize,14.314000000013039,14.314000000013039,0,0,1
